task,seed,variant,depth,n_features,accuracy,f1_macro,benign_recall
binary,42,full,25,72,0.961465119974575,0.6992687713581293,0.7122448979591837
binary,42,no_ports,25,70,0.9649610678531702,0.7034812634575117,0.6653061224489796
binary,42,no_timing_pair,25,70,0.9621007468615922,0.6950376996737598,0.6755102040816326
binary,42,no_arbitrary_pair,25,70,0.9611870332115049,0.6951566234322357,0.6938775510204082
binary,7,full,25,72,0.9615445733354521,0.7002359336059361,0.7163265306122449
binary,7,no_ports,25,70,0.9632130939138726,0.6974673161047421,0.6673469387755102
binary,7,no_timing_pair,25,70,0.961941840139838,0.7036753591662498,0.7285714285714285
binary,7,no_arbitrary_pair,25,70,0.9615048466550135,0.6990560518817056,0.710204081632653
binary,123,full,25,72,0.9645638010487844,0.7038574955361182,0.6755102040816326
binary,123,no_ports,25,70,0.9664309550293978,0.7056877391292136,0.6469387755102041
binary,123,no_timing_pair,25,70,0.9646432544096615,0.7070756402446168,0.6918367346938775
binary,123,no_arbitrary_pair,25,70,0.9636103607182583,0.7014656408216704,0.6816326530612244
binary,2024,full,25,72,0.9582075321786112,0.6805004092537682,0.6653061224489796
binary,2024,no_ports,25,70,0.9630939138725568,0.6906096975852718,0.6326530612244898
binary,2024,no_timing_pair,25,70,0.957651358652471,0.6809435945923901,0.6775510204081633
binary,2024,no_arbitrary_pair,25,70,0.9575719052915939,0.6799881840454902,0.673469387755102
binary,31337,full,25,72,0.9648021611314158,0.7105356825796993,0.7081632653061225
binary,31337,no_ports,25,70,0.966788495153345,0.7082485132782899,0.6530612244897959
binary,31337,no_timing_pair,25,70,0.9635309073573812,0.7051341495085309,0.7040816326530612
binary,31337,no_arbitrary_pair,25,70,0.9634117273160655,0.7047032511475806,0.7040816326530612
binary,1,full,25,72,0.9633322739551883,0.7068760295765874,0.7183673469387755
binary,1,no_ports,25,70,0.9659939615445733,0.7118582961986191,0.689795918367347
binary,1,no_timing_pair,25,70,0.9623788336246624,0.7055470145492821,0.7306122448979592
binary,1,no_arbitrary_pair,25,70,0.9621404735420308,0.7036814201324877,0.7244897959183674
binary,99,full,25,72,0.9610678531701891,0.693684820408363,0.6877551020408164
binary,99,no_ports,25,70,0.9652788812966788,0.7016473431956403,0.6489795918367347
binary,99,no_timing_pair,25,70,0.9603527729222946,0.692014159353139,0.6918367346938775
binary,99,no_arbitrary_pair,25,70,0.9611473065310663,0.6946666023708488,0.6918367346938775
binary,555,full,25,72,0.9613856666136977,0.7007274371198422,0.7224489795918367
binary,555,no_ports,25,70,0.9643651676465914,0.7067622979162256,0.6959183673469388
binary,555,no_timing_pair,25,70,0.9621404735420308,0.7040251985998611,0.726530612244898
binary,555,no_arbitrary_pair,25,70,0.9609486731288733,0.7009480933946485,0.7326530612244898
binary,8,full,25,72,0.9665501350707135,0.7147671142632915,0.6938775510204082
binary,8,no_ports,25,70,0.9696090894644843,0.7210988519093848,0.6591836734693878
binary,8,no_timing_pair,25,70,0.9675035754012394,0.7171314721332402,0.6857142857142857
binary,8,no_arbitrary_pair,25,70,0.9665104083902749,0.7131500129062242,0.6857142857142857
binary,2718,full,25,72,0.9615843000158907,0.7037986246855085,0.736734693877551
binary,2718,no_ports,25,70,0.9651199745749245,0.712444896045672,0.7122448979591837
binary,2718,no_timing_pair,25,70,0.9621404735420308,0.7043681511658717,0.7285714285714285
binary,2718,no_arbitrary_pair,25,70,0.9609486731288733,0.7036373504853288,0.7489795918367347
binary,31415,full,25,72,0.9610281264897506,0.696736236616978,0.7061224489795919
binary,31415,no_ports,25,70,0.9660336882250119,0.7086940927395393,0.6714285714285714
binary,31415,no_timing_pair,25,70,0.9621007468615922,0.7025065029853055,0.7183673469387755
binary,31415,no_arbitrary_pair,25,70,0.9615843000158907,0.6982768217594391,0.7040816326530612
binary,161803,full,25,72,0.9632130939138726,0.7057484783148665,0.7142857142857143
binary,161803,no_ports,25,70,0.9657953281423804,0.7107238792866938,0.6877551020408164
binary,161803,no_timing_pair,25,70,0.9624980136659781,0.7014483088405463,0.7040816326530612
binary,161803,no_arbitrary_pair,25,70,0.961941840139838,0.7016068216667508,0.7163265306122449
binary,271828,full,25,72,0.9624582869855395,0.7002454801095332,0.6979591836734694
binary,271828,no_ports,25,70,0.963451453996504,0.6997952489480239,0.6755102040816326
binary,271828,no_timing_pair,25,70,0.963650087398697,0.7037813363071317,0.6938775510204082
binary,271828,no_arbitrary_pair,25,70,0.9616637533767678,0.6974898084393203,0.6979591836734694
binary,4,full,25,72,0.961465119974575,0.6943101783596679,0.6836734693877551
binary,4,no_ports,25,70,0.9637295407595742,0.6955576510201975,0.6469387755102041
binary,4,no_timing_pair,25,70,0.9613459399332592,0.6931839587350198,0.6795918367346939
binary,4,no_arbitrary_pair,25,70,0.9608692197679962,0.69444137345056,0.6959183673469388
binary,77,full,25,72,0.9649213411727317,0.7073923335152548,0.6877551020408164
binary,77,no_ports,25,70,0.9647624344509773,0.7004762812572445,0.6530612244897959
binary,77,no_timing_pair,25,70,0.9642857142857143,0.7061084791824824,0.6938775510204082
binary,77,no_arbitrary_pair,25,70,0.9648418878118544,0.707457083897399,0.689795918367347
binary,42,full,None,72,0.9800969331002701,0.686824480043472,0.3183673469387755
binary,42,no_ports,None,70,0.9785078658827269,0.6774182988212738,0.3183673469387755
binary,42,no_timing_pair,None,70,0.980017479739393,0.6885878122600202,0.32448979591836735
binary,42,no_arbitrary_pair,None,70,0.9802558398220245,0.6893248833964183,0.3224489795918367
binary,7,full,None,72,0.9807722866677261,0.6933696198323778,0.32448979591836735
binary,7,no_ports,None,70,0.9782695058000953,0.6868206760779106,0.3489795918367347
binary,7,no_timing_pair,None,70,0.9812092801525505,0.6992315679693976,0.3326530612244898
binary,7,no_arbitrary_pair,None,70,0.9811695534721119,0.6952173386608549,0.3224489795918367
binary,123,full,None,72,0.9818449070395677,0.7035632109177841,0.3326530612244898
binary,123,no_ports,None,70,0.9801366597807087,0.6937461036941724,0.336734693877551
binary,123,no_timing_pair,None,70,0.9814873669156206,0.6958133358477031,0.3183673469387755
binary,123,no_arbitrary_pair,None,70,0.9818051803591292,0.7032875014412545,0.3326530612244898
binary,2024,full,None,72,0.981249006832989,0.7009720259522363,0.336734693877551
binary,2024,no_ports,None,70,0.9793023994914984,0.6907686633824534,0.34285714285714286
binary,2024,no_timing_pair,None,70,0.9811695534721119,0.697478066038597,0.32857142857142857
binary,2024,no_arbitrary_pair,None,70,0.9808517400286032,0.6938856370095269,0.32448979591836735
binary,31337,full,None,72,0.9816860003178134,0.69561055709552,0.3142857142857143
binary,31337,no_ports,None,70,0.9798982996980772,0.6885953472834052,0.32653061224489793
binary,31337,no_timing_pair,None,70,0.981725726998252,0.696659172513451,0.3163265306122449
binary,31337,no_arbitrary_pair,None,70,0.9816860003178134,0.69561055709552,0.3142857142857143
binary,1,full,None,72,0.9815270935960592,0.6881778496990159,0.2979591836734694
binary,1,no_ports,None,70,0.9796202129350071,0.6831557376777672,0.3163265306122449
binary,1,no_timing_pair,None,70,0.982202447163515,0.6999680840206515,0.3163265306122449
binary,1,no_arbitrary_pair,None,70,0.981924360400445,0.6972464111640873,0.3142857142857143
binary,99,full,None,72,0.9809311933894804,0.6874654681127121,0.30612244897959184
binary,99,no_ports,None,70,0.9794215795328143,0.6789165538856745,0.3081632653061224
binary,99,no_timing_pair,None,70,0.9808517400286032,0.6845709819437882,0.3
binary,99,no_arbitrary_pair,None,70,0.9807722866677261,0.6832621478439698,0.2979591836734694
binary,555,full,None,72,0.9820038137613221,0.7126566782942915,0.3551020408163265
binary,555,no_ports,None,70,0.9806531066264103,0.7082723017196892,0.3693877551020408
binary,555,no_timing_pair,None,70,0.9818846337200063,0.7103980300339092,0.3510204081632653
binary,555,no_arbitrary_pair,None,70,0.9818846337200063,0.708244934892623,0.3448979591836735
binary,8,full,None,72,0.9817654536786906,0.6937945249186361,0.3081632653061224
binary,8,no_ports,None,70,0.9807325599872875,0.6946090062879413,0.32857142857142857
binary,8,no_timing_pair,None,70,0.9815270935960592,0.6889869713085008,0.3
binary,8,no_arbitrary_pair,None,70,0.9815668202764977,0.6892526584499604,0.3
binary,2718,full,None,72,0.9824408072461465,0.7150835459489403,0.35306122448979593
binary,2718,no_ports,None,70,0.9808914667090418,0.712532031319317,0.37755102040816324
binary,2718,no_timing_pair,None,70,0.9825599872874623,0.7187732470625308,0.36122448979591837
binary,2718,no_arbitrary_pair,None,70,0.9825997139679008,0.7183653888891444,0.35918367346938773
binary,31415,full,None,72,0.981924360400445,0.7041166685435056,0.3326530612244898
binary,31415,no_ports,None,70,0.9805339265850945,0.706135010719372,0.3653061224489796
binary,31415,no_timing_pair,None,70,0.9824408072461465,0.7100119424987711,0.33877551020408164
binary,31415,no_arbitrary_pair,None,70,0.9820832671221993,0.7096446843318718,0.3448979591836735
binary,161803,full,None,72,0.9817654536786906,0.6922013613158027,0.3040816326530612
binary,161803,no_ports,None,70,0.9798188463372001,0.6873644988536953,0.32448979591836735
binary,161803,no_timing_pair,None,70,0.9817654536786906,0.6922013613158027,0.3040816326530612
binary,161803,no_arbitrary_pair,None,70,0.9816860003178134,0.6932540561464707,0.3081632653061224
binary,271828,full,None,72,0.9806531066264103,0.6856836706638864,0.30612244897959184
binary,271828,no_ports,None,70,0.9769585253456221,0.665338727244837,0.3081632653061224
binary,271828,no_timing_pair,None,70,0.9809709200699189,0.692385501605593,0.3183673469387755
binary,271828,no_arbitrary_pair,None,70,0.9808914667090418,0.6903305835113754,0.3142857142857143
binary,4,full,None,72,0.9815668202764977,0.6986438025750072,0.32448979591836735
binary,4,no_ports,None,70,0.9790243127284284,0.6803813833225598,0.3183673469387755
binary,4,no_timing_pair,None,70,0.9812887335134276,0.6937119799648157,0.3163265306122449
binary,4,no_arbitrary_pair,None,70,0.9813681868743048,0.6957793127361942,0.32040816326530613
binary,77,full,None,72,0.9814079135547433,0.6857573068753193,0.2938775510204082
binary,77,no_ports,None,70,0.9776736055935166,0.666050827766044,0.3
binary,77,no_timing_pair,None,70,0.9814873669156206,0.6942659846254011,0.3142857142857143
binary,77,no_arbitrary_pair,None,70,0.9814476402351819,0.687649280862516,0.2979591836734694
multiclass,42,full,25,72,0.9132766566025743,0.6120049366775601,
multiclass,42,no_ports,25,70,0.903980613379946,0.5863145503089036,
multiclass,42,no_timing_pair,25,70,0.9126807563959956,0.6122034406484522,
multiclass,42,no_arbitrary_pair,25,70,0.9131574765612586,0.611830872092318,
multiclass,7,full,25,72,0.9166931511202924,0.6241497021022244,
multiclass,7,no_ports,25,70,0.9076354679802956,0.6001560899915502,
multiclass,7,no_timing_pair,25,70,0.914825997139679,0.6226205038429979,
multiclass,7,no_arbitrary_pair,25,70,0.9157397107897665,0.6206290299124566,
multiclass,123,full,25,72,0.9156602574288892,0.6096410504579207,
multiclass,123,no_ports,25,70,0.905688860638805,0.5826771283714702,
multiclass,123,no_timing_pair,25,70,0.9150246305418719,0.6096042814004697,
multiclass,123,no_arbitrary_pair,25,70,0.9154616240266963,0.6086042269138474,
multiclass,2024,full,25,72,0.9144287303352931,0.6140257162077872,
multiclass,2024,no_ports,25,70,0.9039408866995073,0.5882759036551293,
multiclass,2024,no_timing_pair,25,70,0.9131972032416972,0.6115515762835524,
multiclass,2024,no_arbitrary_pair,25,70,0.913872556809153,0.6133226857239993,
multiclass,31337,full,25,72,0.9118862227872239,0.5949803111426506,
multiclass,31337,no_ports,25,70,0.9039408866995073,0.5734438561574362,
multiclass,31337,no_timing_pair,25,70,0.911210869219768,0.5960802691664584,
multiclass,31337,no_arbitrary_pair,25,70,0.9125615763546798,0.5997374575379882,
multiclass,1,full,25,72,0.9167726044811696,0.6224547479150485,
multiclass,1,no_ports,25,70,0.9066820276497696,0.5955036889850253,
multiclass,1,no_timing_pair,25,70,0.9158191641506436,0.6224132187194265,
multiclass,1,no_arbitrary_pair,25,70,0.9161369775941522,0.6207341679477092,
multiclass,99,full,25,72,0.9151040839027491,0.6191225364904285,
multiclass,99,no_ports,25,70,0.9061258541236294,0.5964102648877997,
multiclass,99,no_timing_pair,25,70,0.913594470046083,0.6123575767497553,
multiclass,99,no_arbitrary_pair,25,70,0.9149054505005562,0.6175451663083427,
multiclass,555,full,25,72,0.916057524233275,0.6170019579555551,
multiclass,555,no_ports,25,70,0.9061258541236294,0.5885807309547753,
multiclass,555,no_timing_pair,25,70,0.9157397107897665,0.6146689294149656,
multiclass,555,no_arbitrary_pair,25,70,0.9165739710789766,0.6171784916466221,
multiclass,8,full,25,72,0.9156999841093278,0.6194025104571406,
multiclass,8,no_ports,25,70,0.9064833942475766,0.5933529024231932,
multiclass,8,no_timing_pair,25,70,0.9139520101700301,0.6157533679539934,
multiclass,8,no_arbitrary_pair,25,70,0.9149054505005562,0.614918270850646,
multiclass,2718,full,25,72,0.9168917845224853,0.6298755871725996,
multiclass,2718,no_ports,25,70,0.9080327347846814,0.6017749523558753,
multiclass,2718,no_timing_pair,25,70,0.9151438105831877,0.6217050714595824,
multiclass,2718,no_arbitrary_pair,25,70,0.9174479580486254,0.6303098763274461,
multiclass,31415,full,25,72,0.9163356109963452,0.6262678645875641,
multiclass,31415,no_ports,25,70,0.90807246146512,0.6031228284987241,
multiclass,31415,no_timing_pair,25,70,0.9147068170983632,0.6207434044775318,
multiclass,31415,no_arbitrary_pair,25,70,0.9164547910376609,0.6277892361108748,
multiclass,161803,full,25,72,0.9176068647703798,0.6271045682924505,
multiclass,161803,no_ports,25,70,0.9097409820435405,0.6040890966413653,
multiclass,161803,no_timing_pair,25,70,0.9163356109963452,0.6250188473758433,
multiclass,161803,no_arbitrary_pair,25,70,0.9178452248530112,0.6265767857489049,
multiclass,271828,full,25,72,0.9152629906245034,0.6208284182213086,
multiclass,271828,no_ports,25,70,0.9070792944541554,0.5990263800415816,
multiclass,271828,no_timing_pair,25,70,0.9139122834895916,0.6182664220044719,
multiclass,271828,no_arbitrary_pair,25,70,0.9160972509137136,0.6228629927505753,
multiclass,4,full,25,72,0.9151438105831877,0.6191454151336804,
multiclass,4,no_ports,25,70,0.9043778801843319,0.5922636919605503,
multiclass,4,no_timing_pair,25,70,0.9136739234069601,0.6133979612987325,
multiclass,4,no_arbitrary_pair,25,70,0.9147068170983632,0.6164268576747525,
multiclass,77,full,25,72,0.9134752900047672,0.6115827481221334,
multiclass,77,no_ports,25,70,0.9039011600190688,0.5876969599236022,
multiclass,77,no_timing_pair,25,70,0.9129588431590656,0.6110008357676032,
multiclass,77,no_arbitrary_pair,25,70,0.9135150166852057,0.6106085879877148,
multiclass,42,full,None,72,0.9129588431590656,0.6043529343456053,
multiclass,42,no_ports,None,70,0.9036230732559988,0.5854323684125682,
multiclass,42,no_timing_pair,None,70,0.9125218496742412,0.6047149965148654,
multiclass,42,no_arbitrary_pair,None,70,0.9133561099634514,0.6043715189255998,
multiclass,7,full,None,72,0.9163356109963452,0.6194772904501085,
multiclass,7,no_ports,None,70,0.9065231209280152,0.5926608425323981,
multiclass,7,no_timing_pair,None,70,0.9150246305418719,0.6165829687525624,
multiclass,7,no_arbitrary_pair,None,70,0.9159383441919593,0.6167979080450534,
multiclass,123,full,None,72,0.9149849038614334,0.6015515361878314,
multiclass,123,no_ports,None,70,0.9046162402669633,0.5770987835505618,
multiclass,123,no_timing_pair,None,70,0.9139917368504688,0.6042937702794258,
multiclass,123,no_arbitrary_pair,None,70,0.9148657238201175,0.6012997004679854,
multiclass,2024,full,None,72,0.9139917368504688,0.607837568643029,
multiclass,2024,no_ports,None,70,0.9040600667408232,0.5863639978677198,
multiclass,2024,no_timing_pair,None,70,0.91311774988082,0.6061275687252909,
multiclass,2024,no_arbitrary_pair,None,70,0.9141903702526617,0.6091351024484433,
multiclass,31337,full,None,72,0.9118067694263468,0.5934695389426157,
multiclass,31337,no_ports,None,70,0.9027888129667885,0.5716234931536376,
multiclass,31337,no_timing_pair,None,70,0.9113300492610837,0.5923787850384579,
multiclass,31337,no_arbitrary_pair,None,70,0.9125615763546798,0.5967937625890299,
multiclass,1,full,None,72,0.9159780708723979,0.6177714976313671,
multiclass,1,no_ports,None,70,0.9057683139996822,0.5928071110534384,
multiclass,1,no_timing_pair,None,70,0.9149054505005562,0.6149512154183012,
multiclass,1,no_arbitrary_pair,None,70,0.9165739710789766,0.6183161822163832,
multiclass,99,full,None,72,0.914547910376609,0.6106416935556928,
multiclass,99,no_ports,None,70,0.9046559669474019,0.5885675524594691,
multiclass,99,no_timing_pair,None,70,0.9142300969331003,0.6119918497548364,
multiclass,99,no_arbitrary_pair,None,70,0.9150246305418719,0.6111239925579055,
multiclass,555,full,None,72,0.9158588908310822,0.6098686142872412,
multiclass,555,no_ports,None,70,0.9051724137931034,0.5844717598733271,
multiclass,555,no_timing_pair,None,70,0.9158588908310822,0.6111965487859279,
multiclass,555,no_arbitrary_pair,None,70,0.9151835372636262,0.606462328613204,
multiclass,8,full,None,72,0.9143095502939774,0.609385294405521,
multiclass,8,no_ports,None,70,0.905212140473542,0.5879326763974757,
multiclass,8,no_timing_pair,None,70,0.9137533767678373,0.6090815591742478,
multiclass,8,no_arbitrary_pair,None,70,0.9147862704592404,0.6100356035362887,
multiclass,2718,full,None,72,0.9167726044811696,0.6236563569750205,
multiclass,2718,no_ports,None,70,0.9062847608453838,0.5939605444436786,
multiclass,2718,no_timing_pair,None,70,0.9161767042745909,0.6243177745141101,
multiclass,2718,no_arbitrary_pair,None,70,0.9164150643572223,0.6219544767678153,
multiclass,31415,full,None,72,0.9154616240266963,0.6174630063791209,
multiclass,31415,no_ports,None,70,0.9065231209280152,0.5961537111355713,
multiclass,31415,no_timing_pair,None,70,0.9142300969331003,0.6147240337909827,
multiclass,31415,no_arbitrary_pair,None,70,0.9151438105831877,0.6148910559121696,
multiclass,161803,full,None,72,0.9168917845224853,0.6207237445415967,
multiclass,161803,no_ports,None,70,0.9071984744954712,0.5949095258980127,
multiclass,161803,no_timing_pair,None,70,0.9163753376767837,0.6177904135442269,
multiclass,161803,no_arbitrary_pair,None,70,0.9174876847290641,0.622746915993937,
multiclass,271828,full,None,72,0.9153821706658192,0.6172159215501414,
multiclass,271828,no_ports,None,70,0.9062053074845066,0.5952469300120666,
multiclass,271828,no_timing_pair,None,70,0.9147862704592404,0.6153281102628383,
multiclass,271828,no_arbitrary_pair,None,70,0.9155808040680121,0.6181229212124293,
multiclass,4,full,None,72,0.9136739234069601,0.60858918718193,
multiclass,4,no_ports,None,70,0.9033052598124901,0.581920743640713,
multiclass,4,no_timing_pair,None,70,0.913872556809153,0.607645952697651,
multiclass,4,no_arbitrary_pair,None,70,0.9146670904179247,0.6094382061342973,
multiclass,77,full,None,72,0.9137136500873987,0.6076458302685248,
multiclass,77,no_ports,None,70,0.9035833465755602,0.5843500629398127,
multiclass,77,no_timing_pair,None,70,0.9128793897981885,0.6073228997262696,
multiclass,77,no_arbitrary_pair,None,70,0.913594470046083,0.6071226113420911,
