protocol,seed,max_depth,single_class_test,mean_realised_depth,test_rows,accuracy,f1_macro,benign_recall,benign_precision,attack_recall,roc_auc,FP,FN
random,42,6,False,6.0,25172,0.8766089305577626,0.5839339728631925,0.9734693877551021,0.13361344537815126,0.8746860059962726,0.9597479944899117,13,3093
random,42,10,False,10.0,25172,0.9142698236135388,0.6261652250619684,0.9346938775510204,0.17724458204334365,0.9138643545903897,0.968012920264127,32,2126
random,42,12,False,12.0,25172,0.9273399014778325,0.6442142384525795,0.9061224489795918,0.19937135159407274,0.9277611214650352,0.9689278644769634,46,1783
random,42,20,False,20.0,25172,0.9496265692038773,0.6757860331586658,0.7857142857142857,0.2487080103359173,0.9528806417632283,0.9719336904196895,105,1163
random,42,25,False,25.0,25172,0.9615048466550135,0.6997526359860449,0.7142857142857143,0.2968617472434266,0.9664127704399967,0.97232193501337,140,829
random,42,30,False,30.0,25172,0.9701255363101859,0.7142187687206026,0.6122448979591837,0.3480278422273782,0.9772303703103477,0.9739890178581765,190,562
random,42,None,False,61.1,25172,0.9800969331002701,0.6853014368609527,0.3142857142857143,0.4827586206896552,0.9933149663722551,0.9617093097671773,336,165
capture-aware (file-proportion),42,6,False,6.0,10054,0.6446190570917048,0.5574059940234743,0.8937112488928255,0.2261317794710892,0.613109243697479,0.8234901117222797,120,3453
capture-aware (file-proportion),42,10,False,10.0,10054,0.7268748756713745,0.5996286480795802,0.7263064658990257,0.25176542830825915,0.7269467787114846,0.8223947719034468,309,2437
capture-aware (file-proportion),42,12,False,12.0,10054,0.764869703600557,0.6255970795393404,0.6899911426040743,0.2789115646258503,0.7743417366946779,0.8185223779502943,350,2014
capture-aware (file-proportion),42,20,False,20.0,10054,0.8343942709369405,0.6366499492186272,0.4304694419840567,0.3222811671087533,0.8854901960784314,0.7831155704088544,643,1022
capture-aware (file-proportion),42,25,False,25.0,10054,0.8578675154167495,0.6394895841747217,0.354295837023915,0.36363636363636365,0.9215686274509803,0.7685646800792948,729,700
capture-aware (file-proportion),42,30,False,30.0,10054,0.8727869504674757,0.6383218365607297,0.30115146147032773,0.40963855421686746,0.9450980392156862,0.7239982334829413,789,490
capture-aware (file-proportion),42,None,False,56.7,10054,0.8832305550029839,0.5827403470007593,0.15411868910540302,0.44274809160305345,0.9754621848739495,0.7090455101438272,955,219
capture-aware (size-matched),42,6,True,6.0,26627,0.9811094002328463,0.4952323178707513,,,0.9811094002328463,,0,503
capture-aware (size-matched),42,10,True,10.0,26627,0.9879070116798738,0.49695836167157864,,,0.9879070116798738,,0,322
capture-aware (size-matched),42,12,True,12.0,26627,0.9897472490329365,0.49742360468847324,,,0.9897472490329365,,0,273
capture-aware (size-matched),42,20,True,20.0,26627,0.9944417320764637,0.4986065604639777,,,0.9944417320764637,,0,148
capture-aware (size-matched),42,25,True,25.0,26627,0.9959815225147407,0.49899335804466854,,,0.9959815225147407,,0,107
capture-aware (size-matched),42,30,True,30.0,26627,0.9964697487512675,0.4991158765989466,,,0.9964697487512675,,0,94
capture-aware (size-matched),42,None,True,59.3,26627,0.9984977654260713,0.49962415905588753,,,0.9984977654260713,,0,40
random,7,6,False,6.0,25172,0.8742650564118862,0.5826772313059382,0.9857142857142858,0.13265586377368854,0.8720525079004943,0.9614234698011771,7,3158
random,7,10,False,10.0,25172,0.9139520101700301,0.6265958683931211,0.9428571428571428,0.1776923076923077,0.9133781703265538,0.9696274985158151,28,2138
random,7,12,False,12.0,25172,0.9265056411886223,0.6449309768546742,0.9244897959183673,0.19991173874669022,0.9265456608054453,0.9710028294601205,37,1813
random,7,20,False,20.0,25172,0.951652629906245,0.6839205488626434,0.8040816326530612,0.2600660066006601,0.9545822866866542,0.9734987820588084,96,1121
random,7,25,False,25.0,25172,0.9617034800572064,0.7004351415839707,0.7142857142857143,0.2981260647359455,0.9666153472165951,0.9735624077035401,140,824
random,7,30,False,30.0,25172,0.9714762434450978,0.7198813010021196,0.610204081632653,0.3619854721549637,0.9786484077465359,0.9744939301382979,191,527
random,7,None,False,61.7,25172,0.9809709200699189,0.692385501605593,0.3183673469387755,0.5182724252491694,0.9941252734786484,0.9668917198189543,334,145
capture-aware (file-proportion),7,6,True,6.0,26786,0.8377510639886507,0.45585666111404544,,,0.8377510639886507,,0,4346
capture-aware (file-proportion),7,10,True,10.0,26786,0.860150825057866,0.46240918396018144,,,0.860150825057866,,0,3746
capture-aware (file-proportion),7,12,True,12.0,26786,0.8762413200925857,0.4670195196689018,,,0.8762413200925857,,0,3315
capture-aware (file-proportion),7,20,True,20.0,26786,0.9153289031583663,0.47789646031498517,,,0.9153289031583663,,0,2268
capture-aware (file-proportion),7,25,True,25.0,26786,0.9373926678115433,0.4838423740244725,,,0.9373926678115433,,0,1677
capture-aware (file-proportion),7,30,True,30.0,26786,0.9485178824759203,0.48678941620523825,,,0.9485178824759203,,0,1379
capture-aware (file-proportion),7,None,True,62.5,26786,0.9831628462629732,0.4957549744921971,,,0.9831628462629732,,0,451
capture-aware (size-matched),7,6,True,6.0,31152,0.8842128916281459,0.469274409254306,,,0.8842128916281459,,0,3607
capture-aware (size-matched),7,10,True,10.0,31152,0.9192668207498716,0.478967703089197,,,0.9192668207498716,,0,2515
capture-aware (size-matched),7,12,True,12.0,31152,0.9358628659476117,0.48343448413093226,,,0.9358628659476117,,0,1998
capture-aware (size-matched),7,20,True,20.0,31152,0.9622496147919877,0.4903808402041618,,,0.9622496147919877,,0,1176
capture-aware (size-matched),7,25,True,25.0,31152,0.9751219825372368,0.4937021567065936,,,0.9751219825372368,,0,775
capture-aware (size-matched),7,30,True,30.0,31152,0.9818952234206472,0.4954324586977648,,,0.9818952234206472,,0,564
capture-aware (size-matched),7,None,True,58.8,31152,0.9934835644581407,0.49836556577188773,,,0.9934835644581407,,0,203
random,123,6,False,6.0,25172,0.8798267916732878,0.5864976115328356,0.9653061224489796,0.13588049411088768,0.8781298111984442,0.9618376772960218,17,3008
random,123,10,False,10.0,25172,0.9163356109963452,0.6306759703700484,0.9469387755102041,0.18238993710691823,0.9157280609350944,0.970781979431429,26,2080
random,123,12,False,12.0,25172,0.9302002224694105,0.6494463172514822,0.9061224489795918,0.2060324825986079,0.9306782270480513,0.9720274131855157,46,1711
random,123,20,False,20.0,25172,0.9542348641347529,0.6918028772574227,0.8081632653061225,0.2723521320495186,0.9571347540717932,0.9721748808104393,94,1058
random,123,25,False,25.0,25172,0.9640473542030827,0.7001019952789418,0.6653061224489796,0.3055295220243674,0.9699781217081274,0.9744548204177547,164,741
random,123,30,False,30.0,25172,0.9728269505800096,0.7224621645879112,0.5918367346938775,0.37467700258397935,0.9803905680252816,0.9734616981060311,200,484
random,123,None,False,62.0,25172,0.981924360400445,0.7048605272813824,0.3346938775510204,0.5597269624573379,0.9947735191637631,0.9634850812539586,326,129
capture-aware (file-proportion),123,6,False,6.0,19215,0.9054905022118137,0.7352047380194517,0.8813108945969885,0.37168472170339933,0.9069998894172288,0.9465947901508265,134,1682
capture-aware (file-proportion),123,10,False,10.0,19215,0.9212073900598491,0.736855430576966,0.7165633303808681,0.4038941587618572,0.9339820855910649,0.9420883708160607,320,1194
capture-aware (file-proportion),123,12,False,12.0,19215,0.9204787926099401,0.6939772027893776,0.5119574844995571,0.37170418006430866,0.9459803162667256,0.9319242567765249,551,977
capture-aware (file-proportion),123,20,False,20.0,19215,0.9387457715326568,0.7001979476149682,0.39769707705934454,0.47463002114164904,0.9725201813557448,0.8291780232756654,680,497
capture-aware (file-proportion),123,25,False,25.0,19215,0.9467083008066615,0.6947983489091006,0.325066430469442,0.5834658187599364,0.9855136569722437,0.8197926901164175,762,262
capture-aware (file-proportion),123,30,False,30.0,19215,0.9480614103564923,0.6698357202615122,0.25597874224977857,0.6465324384787472,0.9912639610748646,0.7794195472139949,840,158
capture-aware (file-proportion),123,None,False,57.7,19215,0.9462919594067135,0.5928057059949876,0.12400354295837024,0.7650273224043715,0.9976224704191087,0.7501467743867578,989,43
capture-aware (size-matched),123,6,True,6.0,35799,0.878180954775273,0.46756993917039724,,,0.878180954775273,,0,4361
capture-aware (size-matched),123,10,True,10.0,35799,0.9121763177742395,0.4770356735910246,,,0.9121763177742395,,0,3144
capture-aware (size-matched),123,12,True,12.0,35799,0.9275398754155144,0.4812039881745986,,,0.9275398754155144,,0,2594
capture-aware (size-matched),123,20,True,20.0,35799,0.9518980977122266,0.4876781727631805,,,0.9518980977122266,,0,1722
capture-aware (size-matched),123,25,True,25.0,35799,0.9598592139445236,0.4897592679693847,,,0.9598592139445236,,0,1437
capture-aware (size-matched),123,30,True,30.0,35799,0.9695801558702757,0.4922775815853295,,,0.9695801558702757,,0,1089
capture-aware (size-matched),123,None,True,58.1,35799,0.9854465208525378,0.4963349606764495,,,0.9854465208525378,,0,521
random,2024,6,False,6.0,25172,0.8754568568250437,0.5836940997373077,0.9836734693877551,0.13355500138542534,0.8733084839154039,0.9581223365288097,8,3127
random,2024,10,False,10.0,25172,0.9127602097568727,0.6261684882374537,0.9551020408163265,0.17713853141559424,0.9119196175350458,0.9665388228056802,22,2174
random,2024,12,False,12.0,25172,0.9265850945494994,0.6436087445344821,0.9122448979591836,0.19849023090586146,0.9268697836480025,0.9684936060154553,43,1805
random,2024,20,False,20.0,25172,0.9491101223581757,0.6701358969847622,0.7571428571428571,0.2420091324200913,0.952921157118548,0.9698333826683578,119,1162
random,2024,25,False,25.0,25172,0.9585253456221198,0.6818489210796569,0.6673469387755102,0.2706953642384106,0.9643059719633741,0.970805916564827,163,881
random,2024,30,False,30.0,25172,0.9693310027014143,0.7066182040589165,0.5918367346938775,0.33642691415313225,0.976825216757151,0.9721939809065187,200,572
random,2024,None,False,60.1,25172,0.981249006832989,0.7017038344812072,0.33877551020408164,0.5286624203821656,0.9940037274126894,0.9603602724616302,324,148
capture-aware (file-proportion),2024,6,True,6.0,20095,0.8794725055984076,0.4679358186824825,,,0.8794725055984076,,0,2422
capture-aware (file-proportion),2024,10,True,10.0,20095,0.9254540930579747,0.4806419931768841,,,0.9254540930579747,,0,1498
capture-aware (file-proportion),2024,12,True,12.0,20095,0.9479472505598407,0.4866390762313509,,,0.9479472505598407,,0,1046
capture-aware (file-proportion),2024,20,True,20.0,20095,0.9689474993779548,0.4921144416923621,,,0.9689474993779548,,0,624
capture-aware (file-proportion),2024,25,True,25.0,20095,0.9765613336650908,0.49407084770512855,,,0.9765613336650908,,0,471
capture-aware (file-proportion),2024,30,True,30.0,20095,0.98397611346106,0.49596167352262466,,,0.98397611346106,,0,322
capture-aware (file-proportion),2024,None,True,62.3,20095,0.995222692211993,0.49880281338853694,,,0.995222692211993,,0,96
capture-aware (size-matched),2024,6,False,6.0,25204,0.903070941120457,0.6252568868817667,0.9447415329768271,0.18014955812372535,0.9021223065373534,0.9557694573699598,31,2412
capture-aware (size-matched),2024,10,False,10.0,25204,0.9251309315981591,0.6542355410992509,0.8983957219251337,0.2159383033419023,0.9257395609300816,0.961380094197909,57,1830
capture-aware (size-matched),2024,12,False,12.0,25204,0.933383589906364,0.6650323290085376,0.8609625668449198,0.2317658349328215,0.9350322606825467,0.9630276859796757,78,1601
capture-aware (size-matched),2024,20,False,20.0,25204,0.950087287732106,0.6731329506922854,0.6648841354723708,0.25848925848925847,0.9565799618552936,0.9647362916421544,188,1070
capture-aware (size-matched),2024,25,False,25.0,25204,0.9595699095381686,0.6805755106136988,0.5614973262032086,0.28952205882352944,0.9686320659010672,0.9626806265847062,246,773
capture-aware (size-matched),2024,30,False,30.0,25204,0.9660371369623869,0.6774901512819538,0.45276292335115864,0.3163138231631382,0.9777218682790245,0.9567609058062139,307,549
capture-aware (size-matched),2024,None,False,61.9,25204,0.9757578162196476,0.6494115088158994,0.24598930481283424,0.4233128834355828,0.9923710587185002,0.9352027161773874,423,188
random,31337,6,False,6.0,25172,0.8733116160813602,0.5815409673950731,0.9836734693877551,0.13158613158613158,0.8711206547281419,0.9627467095743573,8,3181
random,31337,10,False,10.0,25172,0.9152629906245034,0.6294815680076483,0.9510204081632653,0.18097087378640778,0.9145531156308241,0.970204676960323,24,2109
random,31337,12,False,12.0,25172,0.9269823613538852,0.6450492533566323,0.9183673469387755,0.2001779359430605,0.9271533911352402,0.9716850170908653,40,1798
random,31337,20,False,20.0,25172,0.9539170506912442,0.6846771663121171,0.7673469387755102,0.26441631504922647,0.9576209383356292,0.973391788447005,114,1046
random,31337,25,False,25.0,25172,0.9651199745749245,0.710667984807966,0.7020408163265306,0.31970260223048325,0.9703427599060044,0.9732251793838027,146,732
random,31337,30,False,30.0,25172,0.9729461306213253,0.722180281632344,0.5877551020408164,0.3754889178617992,0.9805931448018799,0.974619941161782,202,479
random,31337,None,False,60.1,25172,0.9815270935960592,0.6953095684803001,0.3163265306122449,0.543859649122807,0.9947330038084434,0.9549700351739432,335,130
capture-aware (file-proportion),31337,6,True,6.0,40326,0.8803749442047314,0.46819116948884315,,,0.8803749442047314,,0,4824
capture-aware (file-proportion),31337,10,True,10.0,40326,0.9253087338193721,0.48060278207109736,,,0.9253087338193721,,0,3012
capture-aware (file-proportion),31337,12,True,12.0,40326,0.9402618657937807,0.48460565162378744,,,0.9402618657937807,,0,2409
capture-aware (file-proportion),31337,20,True,20.0,40326,0.9724247383821852,0.49300980638672365,,,0.9724247383821852,,0,1112
capture-aware (file-proportion),31337,25,True,25.0,40326,0.9815999603233646,0.4953572769365536,,,0.9815999603233646,,0,742
capture-aware (file-proportion),31337,30,True,30.0,40326,0.9869067103109657,0.49670510708401977,,,0.9869067103109657,,0,528
capture-aware (file-proportion),31337,None,True,57.3,40326,0.9939493130982493,0.49848273803601634,,,0.9939493130982493,,0,244
capture-aware (size-matched),31337,6,False,6.0,30322,0.9424180463030143,0.6724539867811565,0.9340463458110517,0.23466188983430364,0.9425758543059709,0.9726214864097643,37,1709
capture-aware (size-matched),31337,10,False,10.0,30322,0.955675746982389,0.7010494498260366,0.8859180035650623,0.27968486212718063,0.9569906925170525,0.9755721172854136,64,1280
capture-aware (size-matched),31337,12,False,12.0,30322,0.9602268979618759,0.7110381355396477,0.8538324420677362,0.29881472239550844,0.9622324518665367,0.9770416678421034,82,1124
capture-aware (size-matched),31337,20,False,20.0,30322,0.9677461908845063,0.7043946605520032,0.6452762923351159,0.3172655565293602,0.9738248042740499,0.9783468968258775,199,779
capture-aware (size-matched),31337,25,False,25.0,30322,0.9739133302552602,0.7106224012172229,0.5418894830659536,0.3627684964200477,0.9820570545344578,0.973445789543446,257,534
capture-aware (size-matched),31337,30,False,30.0,30322,0.9775410592968802,0.7025013190167092,0.43315508021390375,0.400990099009901,0.9878028292060078,0.971250822281682,318,363
capture-aware (size-matched),31337,None,False,59.7,30322,0.9812677264032715,0.6497537992069091,0.22638146167557932,0.48659003831417624,0.9954974631228789,0.9487582625720379,434,134
random,1,6,False,6.0,25172,0.8757746702685524,0.5827142515121317,0.9693877551020408,0.13242263730136605,0.8739162142451989,0.9628052914707735,15,3112
random,1,10,False,10.0,25172,0.9139917368504688,0.6259762395096476,0.936734693877551,0.17701504049363673,0.9135402317478324,0.9694675868889003,31,2134
random,1,12,False,12.0,25172,0.9264261878277451,0.643082661636083,0.9102040816326531,0.19787045252883761,0.9267482375820436,0.9711944092117035,44,1808
random,1,20,False,20.0,25172,0.9520498967106309,0.6837956966992234,0.7959183673469388,0.2605210420841683,0.9551495016611296,0.9713983089386797,100,1107
random,1,25,False,25.0,25172,0.9636103607182583,0.7064825513483479,0.710204081632653,0.31016042780748665,0.9686411149825784,0.9713285646484509,142,774
random,1,30,False,30.0,25172,0.9721118703321151,0.729719755506862,0.6448979591836734,0.3744075829383886,0.9786078923912163,0.969962659725587,174,528
random,1,None,False,60.9,25172,0.9816462736373749,0.6937740956650633,0.31020408163265306,0.5507246376811594,0.9949760959403614,0.9626258249835871,338,124
capture-aware (file-proportion),1,6,False,6.0,32693,0.8085522894809286,0.5189790594669829,0.9518716577540107,0.07892403192432752,0.8060500435702727,0.9512310016635923,27,6232
capture-aware (file-proportion),1,10,False,10.0,32693,0.8858777108249473,0.5769080414576594,0.9126559714795008,0.12207916070577014,0.8854101829951451,0.9599317143875986,49,3682
capture-aware (file-proportion),1,12,False,12.0,32693,0.9246627718471844,0.6216061024140856,0.8663101604278075,0.16910229645093947,0.9256815635503548,0.9602441788140854,75,2388
capture-aware (file-proportion),1,20,False,20.0,32693,0.9602667237634968,0.675518903052026,0.6844919786096256,0.2549800796812749,0.9650815386530561,0.9551436165833761,177,1122
capture-aware (file-proportion),1,25,False,25.0,32693,0.9691677117425749,0.687376044380523,0.5757575757575758,0.29551692589204026,0.976036350056019,0.9536539947848813,238,770
capture-aware (file-proportion),1,30,False,30.0,32693,0.9752546416664117,0.6846727675913885,0.44563279857397503,0.3342245989304813,0.984501431594672,0.9457725962401529,311,498
capture-aware (file-proportion),1,None,False,57.0,32693,0.9811580460649069,0.661888657917326,0.27450980392156865,0.42424242424242425,0.9934955807294908,0.9194454781335369,407,209
capture-aware (size-matched),1,6,False,6.0,29481,0.8926427190393813,0.7272921923385238,0.8898305084745762,0.36230321328445114,0.8928351393469358,0.962819468536911,208,2957
capture-aware (size-matched),1,10,False,10.0,29481,0.9355517112716665,0.777594944424763,0.7245762711864406,0.4978165938864629,0.9499873156235277,0.954670380506724,520,1380
capture-aware (size-matched),1,12,False,12.0,29481,0.9530884298361657,0.7968499558632386,0.5942796610169492,0.6451983898792409,0.977639256333128,0.9492185556457147,766,617
capture-aware (size-matched),1,20,False,20.0,29481,0.9528170686204674,0.7429707449780868,0.3845338983050847,0.7602094240837697,0.9917007936795564,0.9200588191889738,1162,229
capture-aware (size-matched),1,25,False,25.0,29481,0.9509853804145043,0.7033035960506407,0.2913135593220339,0.837138508371385,0.9961222049070416,0.8832755478852105,1338,107
capture-aware (size-matched),1,30,False,30.0,29481,0.9461687188358604,0.640245507206359,0.1875,0.8697788697788698,0.9980792229913383,0.838346826095663,1534,53
capture-aware (size-matched),1,None,False,52.5,29481,0.9395203690512534,0.5458256324096176,0.06620762711864407,0.8620689655172413,0.9992751784872975,0.7422258573778538,1763,20
random,99,6,False,6.0,25172,0.8758541236294295,0.5835399486084722,0.9775510204081632,0.13331477873643194,0.8738351835345596,0.9614957773077629,11,3114
random,99,10,False,10.0,25172,0.9163356109963452,0.6302196783486101,0.9428571428571428,0.18188976377952756,0.9158090916457338,0.967862558685252,28,2078
random,99,12,False,12.0,25172,0.9264261878277451,0.6435722400558901,0.9142857142857143,0.19840566873339238,0.9266672068714042,0.969239336606533,42,1810
random,99,20,False,20.0,25172,0.9495073891625616,0.6754764903073925,0.7857142857142857,0.24822695035460993,0.9527590956972692,0.9717356199428155,105,1166
random,99,25,False,25.0,25172,0.9606705863658033,0.6919980357308916,0.6857142857142857,0.28668941979522183,0.9661291629527591,0.9722455759712523,154,836
random,99,30,False,30.0,25172,0.9705228031145717,0.7113716720072791,0.5897959183673469,0.3481927710843373,0.9780811927720606,0.971328854043846,201,541
random,99,None,False,60.4,25172,0.9806928333068489,0.683558786464121,0.3,0.506896551724138,0.9942063041892878,0.9585456806497009,343,143
capture-aware (file-proportion),99,6,True,6.0,37442,0.8392714064419635,0.45630645020764965,,,0.8392714064419635,,0,6018
capture-aware (file-proportion),99,10,True,10.0,37442,0.9355269483467763,0.4833448323444184,,,0.9355269483467763,,0,2414
capture-aware (file-proportion),99,12,True,12.0,37442,0.9676833502483841,0.49178814778619323,,,0.9676833502483841,,0,1210
capture-aware (file-proportion),99,20,True,20.0,37442,0.9864056407243202,0.4965781512605042,,,0.9864056407243202,,0,509
capture-aware (file-proportion),99,25,True,25.0,37442,0.9909459964745473,0.4977262056475954,,,0.9909459964745473,,0,339
capture-aware (file-proportion),99,30,True,30.0,37442,0.9938838737246942,0.4984662782131137,,,0.9938838737246942,,0,229
capture-aware (file-proportion),99,None,True,57.8,37442,0.9977031141498851,0.49942511831867165,,,0.9977031141498851,,0,86
capture-aware (size-matched),99,6,False,6.0,25728,0.7311489427860697,0.5379330200560852,0.9627989371124889,0.13652348656116553,0.7205170941908208,0.8829317559230213,42,6875
capture-aware (size-matched),99,10,False,10.0,25728,0.7996346393034826,0.5745748128694514,0.8237378210806023,0.1580020387359837,0.7985283954632302,0.8857828551363336,199,4956
capture-aware (size-matched),99,12,False,12.0,25728,0.8325559701492538,0.5892075772509905,0.7165633303808681,0.16864707108609547,0.8378795886011626,0.8810280585264345,320,3988
capture-aware (size-matched),99,20,False,20.0,25728,0.8884872512437811,0.6019213466025944,0.4561558901682905,0.18592057761732853,0.9083296068945892,0.8437109446325077,614,2255
capture-aware (size-matched),99,25,False,25.0,25728,0.9145677860696517,0.6195384837962963,0.3870682019486271,0.2249099330931549,0.9387779991056547,0.8136630778231999,692,1506
capture-aware (size-matched),99,30,False,30.0,25728,0.929726368159204,0.628111441694893,0.33215234720992026,0.2624212736179146,0.9571527297857636,0.7383956825136844,754,1054
capture-aware (size-matched),99,None,False,51.1,25728,0.9426694651741293,0.6176217673621304,0.23560673162090345,0.30296127562642367,0.9751209398756047,0.6878277617267958,863,612
random,555,6,False,6.0,25172,0.8722787223899571,0.5808826618088238,0.9877551020408163,0.13105875981586787,0.8699862247791913,0.9615715575590903,6,3209
random,555,10,False,10.0,25172,0.9141506435722231,0.6273451188267618,0.9469387755102041,0.17853020392458638,0.9134997163925128,0.9692806374636395,26,2135
random,555,12,False,12.0,25172,0.9267042745908152,0.6450411386451504,0.9224489795918367,0.20008853474988933,0.9267887529373633,0.9711469897090999,38,1807
random,555,20,False,20.0,25172,0.9514937231844907,0.6852880853924753,0.8163265306122449,0.2612671456564337,0.9541771331334575,0.9735733220441569,90,1131
random,555,25,False,25.0,25172,0.960789766407119,0.6976724328486008,0.7163265306122449,0.292743953294412,0.9656429786889231,0.9736502185348656,139,848
random,555,30,False,30.0,25172,0.9720721436516765,0.7259360240639721,0.6265306122448979,0.37122128174123337,0.9789320152337736,0.9758275468035039,183,520
random,555,None,False,61.3,25172,0.9820832671221993,0.7160178594553847,0.363265306122449,0.5615141955835962,0.9943683656105664,0.9665285699402524,312,139
capture-aware (file-proportion),555,6,False,6.0,21375,0.9410994152046783,0.8358408785472817,0.8875739644970414,0.5838847800700662,0.9456946913893828,0.9743370361296936,190,1069
capture-aware (file-proportion),555,10,False,10.0,21375,0.9442807017543859,0.8148297204436754,0.6840236686390533,0.6376172090457805,0.9666243332486665,0.9752582463744808,534,657
capture-aware (file-proportion),555,12,False,12.0,21375,0.9444678362573099,0.8035237073552541,0.6165680473372781,0.6590765338393422,0.9726187452374905,0.9681557158380589,648,539
capture-aware (file-proportion),555,20,False,20.0,21375,0.9425029239766082,0.7594715046495057,0.4437869822485207,0.7218479307025987,0.9853187706375413,0.9494156184762073,940,289
capture-aware (file-proportion),555,25,False,25.0,21375,0.9421754385964912,0.7176465805349179,0.31893491124260354,0.8637820512820513,0.9956819913639827,0.9009559136278036,1151,85
capture-aware (file-proportion),555,30,False,30.0,21375,0.936233918128655,0.6603976137760154,0.22130177514792898,0.8883610451306413,0.9976123952247905,0.8857388033119261,1316,47
capture-aware (file-proportion),555,None,False,56.0,21375,0.9271578947368421,0.5599278364096959,0.0863905325443787,0.9182389937106918,0.9993395986791973,0.8233477567546851,1544,13
capture-aware (size-matched),555,6,False,6.0,32390,0.9050941648656993,0.5412096404732193,0.9832635983263598,0.07110438729198185,0.9045130789088986,0.9588444381630665,4,3070
capture-aware (size-matched),555,10,False,10.0,32390,0.927817227539364,0.5618457410064297,0.9414225941422594,0.08826990976853669,0.92771608970172,0.965574318569189,14,2324
capture-aware (size-matched),555,12,False,12.0,32390,0.940660697746218,0.5739254641721009,0.8744769874476988,0.09947643979057591,0.9411526857640509,0.9657759039490564,30,1892
capture-aware (size-matched),555,20,False,20.0,32390,0.9588761963569002,0.5858139769307201,0.6652719665271967,0.11268603827072998,0.9610587540045411,0.9658575661994544,80,1252
capture-aware (size-matched),555,25,False,25.0,32390,0.9655140475455387,0.5855994021757812,0.5439330543933054,0.11423550087873462,0.968647942521228,0.9673361409530785,109,1008
capture-aware (size-matched),555,30,False,30.0,32390,0.9708552022229083,0.5849818734560758,0.4476987447698745,0.11643090315560392,0.974744175919878,0.9682758099235966,132,812
capture-aware (size-matched),555,None,False,58.7,32390,0.9834825563445508,0.5995308622716782,0.2928870292887029,0.16055045871559634,0.9886162172249697,0.9658952414528255,169,366
random,8,6,False,6.0,25172,0.8843556332432861,0.5928725233874955,0.9816326530612245,0.14218149571386343,0.8824244388623288,0.9628892988197629,9,2902
random,8,10,False,10.0,25172,0.9166931511202924,0.6291639089668312,0.9285714285714286,0.18077075883988875,0.9164573373308484,0.9711058128785912,35,2062
random,8,12,False,12.0,25172,0.9305577625933577,0.6493631334100791,0.9,0.2060747663551402,0.9311644113118872,0.971177045487995,49,1699
random,8,20,False,20.0,25172,0.9558239313522962,0.6930967001940366,0.7857142857142857,0.2765804597701149,0.9592010371930961,0.9739392418502122,105,1007
random,8,25,False,25.0,25172,0.9655172413793104,0.7118254552974782,0.7,0.3223684210526316,0.9707884288145207,0.9751601183379112,147,721
random,8,30,False,30.0,25172,0.9766009852216748,0.7403515212911446,0.5836734693877551,0.4262295081967213,0.9844015882019286,0.9746102670871444,204,385
random,8,None,False,60.8,25172,0.9819640870808836,0.6990767087271401,0.3183673469387755,0.5652173913043478,0.99513815736164,0.9585941337072873,334,120
capture-aware (file-proportion),8,6,False,6.0,14603,0.828802300897076,0.7342320762603358,0.8983050847457628,0.42357642357642356,0.8184821077467558,0.9341606986943221,192,2308
capture-aware (file-proportion),8,10,False,10.0,14603,0.895843319865781,0.7915202539201034,0.7288135593220338,0.5769392033542977,0.9206449075894613,0.9322486286715943,512,1009
capture-aware (file-proportion),8,12,False,12.0,14603,0.9046086420598507,0.7949091481976914,0.670021186440678,0.6216216216216216,0.939441604404247,0.9282757128241701,623,770
capture-aware (file-proportion),8,20,False,20.0,14603,0.8979661713346573,0.7227469079264384,0.3983050847457627,0.6799276672694394,0.9721588674793551,0.9137878489972473,1136,354
capture-aware (file-proportion),8,25,False,25.0,14603,0.8988563993699925,0.6865720893257944,0.2934322033898305,0.7948350071736011,0.9887534408179316,0.891041168178516,1334,143
capture-aware (file-proportion),8,30,False,30.0,14603,0.8924193658837225,0.6349361134184441,0.2033898305084746,0.8514412416851441,0.9947306331104994,0.8572323826789392,1504,67
capture-aware (file-proportion),8,None,False,54.5,14603,0.8781072382387181,0.5279660949234637,0.06514830508474577,0.8913043478260869,0.9988202909948879,0.76837805008098,1765,15
capture-aware (size-matched),8,6,False,6.0,26252,0.864467469145208,0.6438326804048942,0.9398704902867715,0.22532712353071635,0.8612291923245005,0.9405427284405197,65,3493
capture-aware (size-matched),8,10,False,10.0,26252,0.9027502666463507,0.6834154771357265,0.8547641073080481,0.2783132530120482,0.9048110921298319,0.9459198618911951,157,2396
capture-aware (size-matched),8,12,False,12.0,26252,0.9120067042511046,0.6885800717276086,0.7890841813135985,0.2906303236797274,0.917285765364904,0.9475934101954473,228,2082
capture-aware (size-matched),8,20,False,20.0,26252,0.9370714612220021,0.7008503163923054,0.5883441258094357,0.3450895279435703,0.9520479917365222,0.9487609469085295,445,1207
capture-aware (size-matched),8,25,False,25.0,26252,0.9492610086850526,0.7037971556867206,0.4727104532839963,0.401413982717989,0.9697270668626594,0.9467309468177537,570,762
capture-aware (size-matched),8,30,False,30.0,26252,0.957907968916654,0.6956707937023863,0.3598519888991674,0.4850374064837905,0.9835922291525963,0.9440698150092773,692,413
capture-aware (size-matched),8,None,False,59.7,26252,0.9617172024988573,0.6137751065482283,0.15263644773358,0.6496062992125984,0.9964641849747725,0.9145578378948125,916,89
random,2718,6,False,6.0,25172,0.8731129826791674,0.5815266942264388,0.9857142857142858,0.13160762942779292,0.870877562596224,0.9617596645659316,7,3187
random,2718,10,False,10.0,25172,0.9105752423327507,0.6220948143505227,0.9469387755102041,0.17255485310524357,0.9098533344137428,0.9690560666370105,26,2225
random,2718,12,False,12.0,25172,0.9244001271253774,0.6402864313973822,0.9163265306122449,0.19428818693206404,0.9245604083947816,0.9706572086739241,41,1862
random,2718,20,False,20.0,25172,0.9504608294930875,0.6804044153054367,0.8020408163265306,0.254698639014906,0.9534073413823839,0.9741628204640578,97,1150
random,2718,25,False,25.0,25172,0.9618623867789607,0.7057746344975695,0.7428571428571429,0.3038397328881469,0.9662101936633984,0.9744494045896457,126,834
random,2718,30,False,30.0,25172,0.9725091371365009,0.730821020254767,0.6408163265306123,0.3783132530120482,0.9790940766550522,0.9755595253254046,176,516
random,2718,None,False,60.8,25172,0.9825202606070237,0.7177824417895454,0.35918367346938773,0.5827814569536424,0.994895065229722,0.9681114800672721,314,126
capture-aware (file-proportion),2718,6,False,6.0,32718,0.8660981722599181,0.6667533276220102,0.8970414201183432,0.264896033548838,0.8644127884491427,0.9379425378718821,174,4207
capture-aware (file-proportion),2718,10,False,10.0,32718,0.8999021945106669,0.6783997544406007,0.6775147928994083,0.2954838709677419,0.9120149542348847,0.9324658373082377,545,2730
capture-aware (file-proportion),2718,12,False,12.0,32718,0.9057705238706523,0.6758579761716188,0.6153846153846154,0.29945292254534983,0.9215869537192214,0.9314616002495932,650,2433
capture-aware (file-proportion),2718,20,False,20.0,32718,0.9307109236505899,0.6908646194350706,0.48284023668639053,0.3693979176097782,0.9551050663916463,0.9099564584917764,874,1393
capture-aware (file-proportion),2718,25,False,25.0,32718,0.9450761048963873,0.6963988496665918,0.3875739644970414,0.46224417784050814,0.9754415366765502,0.8559635389451635,1035,762
capture-aware (file-proportion),2718,30,False,30.0,32718,0.9539091631517819,0.6717664486583355,0.2591715976331361,0.6311239193083573,0.9917493876498646,0.8503604017138939,1252,256
capture-aware (file-proportion),2718,None,False,58.3,32718,0.9514945901338713,0.5700989323276815,0.09289940828402367,0.7440758293838863,0.9982596364573934,0.807403067128526,1533,54
capture-aware (size-matched),2718,6,False,6.0,25701,0.8341698766584957,0.5043772916591859,0.9916317991631799,0.052701801200800535,0.8326918545283167,0.9373844984847385,2,4260
capture-aware (size-matched),2718,10,False,10.0,25701,0.8842457491926384,0.5356958950155066,0.9581589958158996,0.07169693174702567,0.8835519597832063,0.9483735546185981,10,2965
capture-aware (size-matched),2718,12,False,12.0,25701,0.9024940663787401,0.5462139328367345,0.8828451882845189,0.0784678319077724,0.902678501296049,0.9503017705603788,28,2478
capture-aware (size-matched),2718,20,False,20.0,25701,0.9336212598731567,0.56086625491405,0.6610878661087866,0.0886146943353898,0.9361794046029377,0.949962927772587,81,1625
capture-aware (size-matched),2718,25,False,25.0,25701,0.9483288587992685,0.572701043888131,0.5774058577405857,0.1010989010989011,0.9518105411986489,0.9492951018319531,101,1227
capture-aware (size-matched),2718,30,False,30.0,25701,0.9658768141317459,0.5937300022925462,0.47280334728033474,0.13078703703703703,0.9705050663734193,0.9532111023433394,126,751
capture-aware (size-matched),2718,None,False,59.6,25701,0.9825298626512587,0.6065014266338516,0.26778242677824265,0.1893491124260355,0.9892388657607415,0.947345112529657,175,274
random,31415,6,False,6.0,25172,0.8748212299380264,0.5823122143811845,0.9755102040816327,0.1321537185512856,0.872822299651568,0.9609949579053726,12,3139
random,31415,10,False,10.0,25172,0.9136341967265216,0.6243074936679898,0.926530612244898,0.17515432098765432,0.9133781703265538,0.9694958236110262,36,2138
random,31415,12,False,12.0,25172,0.926346734466868,0.6424516300686849,0.9061224489795918,0.19715808170515098,0.9267482375820436,0.9714279926377811,46,1808
random,31415,20,False,20.0,25172,0.9501032893691403,0.6779460410220705,0.7918367346938775,0.251621271076524,0.9532452799611053,0.9732761543155467,102,1154
random,31415,25,False,25.0,25172,0.9611870332115049,0.6976237186516011,0.7081632653061225,0.2938187976291279,0.9662101936633984,0.9747001863706344,143,834
random,31415,30,False,30.0,25172,0.9718337835690449,0.7215389363174527,0.610204081632653,0.3659730722154223,0.979013045944413,0.9731176069812093,191,518
random,31415,None,False,60.1,25172,0.9818846337200063,0.7038395990823346,0.3326530612244898,0.5582191780821918,0.9947735191637631,0.9613600095252428,327,129
capture-aware (file-proportion),31415,6,True,6.0,27820,0.9100647016534867,0.4764575256878317,,,0.9100647016534867,,0,2502
capture-aware (file-proportion),31415,10,True,10.0,27820,0.9367361610352265,0.48366740905716404,,,0.9367361610352265,,0,1760
capture-aware (file-proportion),31415,12,True,12.0,27820,0.9466930265995687,0.48630832579352623,,,0.9466930265995687,,0,1483
capture-aware (file-proportion),31415,20,True,20.0,27820,0.966175413371675,0.49139838022632953,,,0.966175413371675,,0,941
capture-aware (file-proportion),31415,25,True,25.0,27820,0.9745147375988498,0.49354644918170065,,,0.9745147375988498,,0,709
capture-aware (file-proportion),31415,30,True,30.0,27820,0.9842559309849029,0.4960327524365059,,,0.9842559309849029,,0,438
capture-aware (file-proportion),31415,None,True,60.2,27820,0.994392523364486,0.4985941893158388,,,0.994392523364486,,0,156
capture-aware (size-matched),31415,6,True,6.0,31406,0.9144749410940585,0.4776635731630243,,,0.9144749410940585,,0,2686
capture-aware (size-matched),31415,10,True,10.0,31406,0.93026810163663,0.4819372505031177,,,0.93026810163663,,0,2190
capture-aware (size-matched),31415,12,True,12.0,31406,0.9384194103037636,0.4841157725286639,,,0.9384194103037636,,0,1934
capture-aware (size-matched),31415,20,True,20.0,31406,0.9573966757944342,0.4891173504245697,,,0.9573966757944342,,0,1338
capture-aware (size-matched),31415,25,True,25.0,31406,0.9707380755269693,0.4925758971127591,,,0.9707380755269693,,0,919
capture-aware (size-matched),31415,30,True,30.0,31406,0.9771062854231676,0.49421029745704026,,,0.9771062854231676,,0,719
capture-aware (size-matched),31415,None,True,63.3,31406,0.9945233394892695,0.49862707535121326,,,0.9945233394892695,,0,172
random,161803,6,False,6.0,25172,0.8693786747179406,0.5778708548706294,0.9857142857142858,0.12832093517534537,0.8670691191961754,0.9621238893418157,7,3281
random,161803,10,False,10.0,25172,0.9106149690131893,0.6225948241415956,0.9510204081632653,0.17310549777117384,0.9098128190584232,0.9705059375666644,24,2226
random,161803,12,False,12.0,25172,0.9247973939297632,0.6414537892574503,0.9204081632653062,0.19566160520607376,0.9248845312373389,0.9716469409253047,39,1854
random,161803,20,False,20.0,25172,0.9489512156364214,0.6767524419411178,0.8040816326530612,0.2488945041061276,0.9518272425249169,0.9740920012766471,96,1189
random,161803,25,False,25.0,25172,0.9630144605116796,0.7043354101146293,0.710204081632653,0.30606860158311344,0.9680333846527834,0.975256197609098,142,789
random,161803,30,False,30.0,25172,0.971357063403782,0.7222018977230076,0.6244897959183674,0.36298932384341637,0.9782432541933392,0.9763932321166047,184,537
random,161803,None,False,60.8,25172,0.9818449070395677,0.6951287535682281,0.31020408163265306,0.5608856088560885,0.9951786727169597,0.9711103191783155,338,119
capture-aware (file-proportion),161803,6,False,6.0,30286,0.8263554117413987,0.5889271752983467,0.8901682905225864,0.16368078175895764,0.8238844874301197,0.9218615428953656,124,5135
capture-aware (file-proportion),161803,10,False,10.0,30286,0.8891236875123819,0.6339869430648528,0.7271922054915855,0.21208989925083957,0.8953939019789416,0.8779160151664185,308,3050
capture-aware (file-proportion),161803,12,False,12.0,30286,0.9036848708974443,0.617489394339957,0.5190434012400355,0.19797297297297298,0.9185787289501663,0.8574648083541978,543,2374
capture-aware (file-proportion),161803,20,False,20.0,30286,0.9508683880340751,0.6774680202461504,0.40478299379982285,0.35899450117831894,0.972013581644202,0.8084536260171522,672,816
capture-aware (file-proportion),161803,25,False,25.0,30286,0.9606748992934029,0.6830426387420743,0.33215234720992026,0.4618226600985222,0.985012175463868,0.7591999186591099,754,437
capture-aware (file-proportion),161803,30,False,30.0,30286,0.962160734332695,0.6536039396092128,0.2462356067316209,0.4851657940663176,0.989882361011078,0.7396201280790935,851,295
capture-aware (file-proportion),161803,None,False,57.3,30286,0.9638776992669881,0.5983607173416892,0.1328609388839681,0.5660377358490566,0.9960558356483863,0.6838962717735962,979,115
capture-aware (size-matched),161803,6,True,6.0,29663,0.9562417826922429,0.4888157441235266,,,0.9562417826922429,,0,1298
capture-aware (size-matched),161803,10,True,10.0,29663,0.9769409702322759,0.4941680024555779,,,0.9769409702322759,,0,684
capture-aware (size-matched),161803,12,True,12.0,29663,0.9795705087145602,0.4948399182561308,,,0.9795705087145602,,0,606
capture-aware (size-matched),161803,20,True,20.0,29663,0.9902909348346425,0.49756089298417966,,,0.9902909348346425,,0,288
capture-aware (size-matched),161803,25,True,25.0,29663,0.9934935778579375,0.49836808550217304,,,0.9934935778579375,,0,193
capture-aware (size-matched),161803,30,True,30.0,29663,0.9952128914809696,0.49880035144633683,,,0.9952128914809696,,0,142
capture-aware (size-matched),161803,None,True,58.7,29663,0.9980447021541988,0.4995106971721671,,,0.9980447021541988,,0,58
random,271828,6,False,6.0,25172,0.8750198633402193,0.5823262398180594,0.9734693877551021,0.13213296398891966,0.873065391783486,0.9595873800456086,13,3133
random,271828,10,False,10.0,25172,0.911687589385031,0.623256256714221,0.9428571428571428,0.17388031614602936,0.9110687950733328,0.9689102940422584,28,2195
random,271828,12,False,12.0,25172,0.9253535674559034,0.6404708917161358,0.9040816326530612,0.19472527472527473,0.9257758690543716,0.9699881265203594,47,1832
random,271828,20,False,20.0,25172,0.9523677101541396,0.6806476870125069,0.7693877551020408,0.2576896787423103,0.9560003241228425,0.9728264338714986,113,1086
random,271828,25,False,25.0,25172,0.9625377403464167,0.6998110495811256,0.6938775510204082,0.3000882612533098,0.9678713232315047,0.9722867528017609,150,793
random,271828,30,False,30.0,25172,0.9735817575083426,0.7261596948906852,0.5918367346938775,0.3841059602649007,0.9811603597763552,0.9713673849735989,200,465
random,271828,None,False,59.7,25172,0.9807722866677261,0.6864435604750375,0.30612244897959184,0.5102040816326531,0.9941657888339681,0.9651115247168472,340,144
capture-aware (file-proportion),271828,6,True,6.0,42600,0.8671596244131455,0.4644271507775864,,,0.8671596244131455,,0,5659
capture-aware (file-proportion),271828,10,True,10.0,42600,0.9058920187793428,0.4753113029769309,,,0.9058920187793428,,0,4009
capture-aware (file-proportion),271828,12,True,12.0,42600,0.9201643192488262,0.4792112373011895,,,0.9201643192488262,,0,3401
capture-aware (file-proportion),271828,20,True,20.0,42600,0.9485915492957746,0.4868088182146729,,,0.9485915492957746,,0,2190
capture-aware (file-proportion),271828,25,True,25.0,42600,0.96018779342723,0.48984479785399504,,,0.96018779342723,,0,1696
capture-aware (file-proportion),271828,30,True,30.0,42600,0.9688732394366197,0.49209528578582157,,,0.9688732394366197,,0,1326
capture-aware (file-proportion),271828,None,True,55.2,42600,0.9834037558685446,0.49581622146213294,,,0.9834037558685446,,0,707
capture-aware (size-matched),271828,6,True,6.0,30374,0.9773490485283466,0.4942723942723943,,,0.9773490485283466,,0,688
capture-aware (size-matched),271828,10,True,10.0,30374,0.9858102324356357,0.49642720957607306,,,0.9858102324356357,,0,431
capture-aware (size-matched),271828,12,True,12.0,30374,0.9877856061104893,0.49692763800785067,,,0.9877856061104893,,0,371
capture-aware (size-matched),271828,20,True,20.0,30374,0.993020346348851,0.4982489758160433,,,0.993020346348851,,0,212
capture-aware (size-matched),271828,25,True,25.0,30374,0.9950615658128663,0.49876233539060694,,,0.9950615658128663,,0,150
capture-aware (size-matched),271828,30,True,30.0,30374,0.9962797129123593,0.4990681949369176,,,0.9962797129123593,,0,113
capture-aware (size-matched),271828,None,True,58.6,30374,0.9988476986896688,0.4997117586019469,,,0.9988476986896688,,0,35
random,4,6,False,6.0,25172,0.8741061496901319,0.5812264739000449,0.9714285714285714,0.13109336270999725,0.8721740539664533,0.9599855054249234,14,3155
random,4,10,False,10.0,25172,0.9114889559828381,0.6222968599610137,0.936734693877551,0.17281626506024098,0.9109877643626935,0.9675106125425618,31,2197
random,4,12,False,12.0,25172,0.9243604004449388,0.6365538849352858,0.8857142857142857,0.1901840490797546,0.9251276233692569,0.9682919387672418,56,1848
random,4,20,False,20.0,25172,0.9514142698236135,0.6783621178583125,0.7714285714285715,0.25386165211551376,0.9549874402398509,0.9700416233262611,112,1111
random,4,25,False,25.0,25172,0.9617829334180836,0.6939449917898194,0.6755102040816326,0.29188712522045857,0.9674661696783081,0.9715775273726702,159,803
random,4,30,False,30.0,25172,0.9707214365167647,0.7126811518280902,0.5918367346938775,0.35066505441354295,0.9782432541933392,0.9703552039079955,200,537
random,4,None,False,61.1,25172,0.9812092801525505,0.6947194583655405,0.32040816326530613,0.5286195286195287,0.9943278502552467,0.9624543788830662,333,140
capture-aware (file-proportion),4,6,False,6.0,20768,0.8527060862865947,0.5872597308957577,0.9393939393939394,0.14836711711711711,0.8502994011976048,0.9565397423652717,34,3025
capture-aware (file-proportion),4,10,False,10.0,20768,0.8860265793528506,0.6174933104902451,0.8912655971479501,0.1781895937277263,0.8858811303013807,0.9651310804827786,61,2306
capture-aware (file-proportion),4,12,False,12.0,20768,0.9441448382126348,0.71170025772505,0.8556149732620321,0.3078896728672226,0.9466026624437076,0.9648731440641058,81,1079
capture-aware (file-proportion),4,20,False,20.0,20768,0.965572033898305,0.7477146134207504,0.6720142602495544,0.41519823788546256,0.9737219775325382,0.9626719513639888,184,531
capture-aware (file-proportion),4,25,False,25.0,20768,0.9684129429892142,0.7379797476877118,0.5668449197860963,0.43502051983584133,0.9795615380808631,0.9583310508077405,243,413
capture-aware (file-proportion),4,30,False,30.0,20768,0.9737577041602465,0.7315032429496698,0.44206773618538325,0.5166666666666667,0.9885188301083783,0.9531056770976541,313,232
capture-aware (file-proportion),4,None,False,63.3,20768,0.9765986132511556,0.6665499801976587,0.2281639928698752,0.7071823204419889,0.9973771465333795,0.9422466332637242,433,53
capture-aware (size-matched),4,6,False,6.0,25223,0.8523173294215597,0.5163785535310996,0.99581589958159,0.06007067137809187,0.85094460454691,0.9345380206512084,1,3724
capture-aware (size-matched),4,10,False,10.0,25223,0.8816159854101415,0.5347278448773352,0.9581589958158996,0.07145085803432137,0.8808837656099904,0.9415471089781979,10,2976
capture-aware (size-matched),4,12,False,12.0,25223,0.901121991832851,0.5469981347656987,0.895397489539749,0.07976146105106224,0.9011767531219981,0.942478583783161,25,2469
capture-aware (size-matched),4,20,False,20.0,25223,0.9291519644768663,0.5554349000762449,0.6485355648535565,0.08342303552206674,0.9318363752801793,0.9476028675088459,84,1703
capture-aware (size-matched),4,25,False,25.0,25223,0.9454862625381596,0.5689916740624172,0.5732217573221757,0.09716312056737589,0.9490473903298111,0.9492939916693128,102,1273
capture-aware (size-matched),4,30,False,30.0,25223,0.9554374975221028,0.5734856365301406,0.4811715481171548,0.1031390134529148,0.9599743836055076,0.9461527344027374,124,1000
capture-aware (size-matched),4,None,False,64.3,25223,0.9837449946477421,0.606159589182997,0.24267782426778242,0.20209059233449478,0.9908341338456612,0.9624910570380105,181,229
random,77,6,False,6.0,25172,0.8781185444144287,0.5854816985917722,0.9734693877551021,0.13505096262740657,0.8762255894984199,0.960288585088034,13,3055
random,77,10,False,10.0,25172,0.9123232162720483,0.6237350324227169,0.9387755102040817,0.1744406522563519,0.9117980714690868,0.9695460130409833,30,2177
random,77,12,False,12.0,25172,0.9268631813125695,0.6438568655973331,0.9102040816326531,0.19884083816317433,0.9271939064905599,0.9714451909926922,44,1797
random,77,20,False,20.0,25172,0.9549499443826474,0.6898747115497438,0.7816326530612245,0.27163120567375887,0.9583907300867028,0.9748176395588622,107,1027
random,77,25,False,25.0,25172,0.9655172413793104,0.7092891044698274,0.6857142857142857,0.32,0.9710720363017583,0.9767608469528318,154,714
random,77,30,False,30.0,25172,0.9740982043540442,0.7291803172648178,0.5938775510204082,0.3911290322580645,0.9816465440401912,0.978788351091186,199,453
random,77,None,False,61.1,25172,0.9815668202764977,0.6916557723621879,0.30612244897959184,0.5474452554744526,0.9949760959403614,0.9694647756193475,340,124
capture-aware (file-proportion),77,6,True,6.0,50695,0.8775421639214913,0.4673887919984871,,,0.8775421639214913,,0,6208
capture-aware (file-proportion),77,10,True,10.0,50695,0.9053358319360884,0.475158141027632,,,0.9053358319360884,,0,4799
capture-aware (file-proportion),77,12,True,12.0,50695,0.932478548180294,0.48252983147386364,,,0.932478548180294,,0,3423
capture-aware (file-proportion),77,20,True,20.0,50695,0.9595226353683796,0.4896716261652137,,,0.9595226353683796,,0,2052
capture-aware (file-proportion),77,25,True,25.0,50695,0.9693263635467009,0.4922121500475785,,,0.9693263635467009,,0,1555
capture-aware (file-proportion),77,30,True,30.0,50695,0.9785580431995266,0.4945814183025433,,,0.9785580431995266,,0,1087
capture-aware (file-proportion),77,None,True,58.2,50695,0.9913995463063419,0.4978406006696119,,,0.9913995463063419,,0,436
capture-aware (size-matched),77,6,True,6.0,32776,0.9212228459848669,0.4794981737335239,,,0.9212228459848669,,0,2582
capture-aware (size-matched),77,10,True,10.0,32776,0.9430070783500122,0.48533383581433326,,,0.9430070783500122,,0,1868
capture-aware (size-matched),77,12,True,12.0,32776,0.9514278740541859,0.4875547217010632,,,0.9514278740541859,,0,1592
capture-aware (size-matched),77,20,True,20.0,32776,0.9690627288259702,0.49214416312869935,,,0.9690627288259702,,0,1014
capture-aware (size-matched),77,25,True,25.0,32776,0.9776055650475958,0.49433799253293836,,,0.9776055650475958,,0,734
capture-aware (size-matched),77,30,True,30.0,32776,0.9839211618257261,0.49594771241830066,,,0.9839211618257261,,0,527
capture-aware (size-matched),77,None,True,59.3,32776,0.9945997071027581,0.49864627151051627,,,0.9945997071027581,,0,177
random,900,6,False,6.0,25172,0.8706896551724138,0.5785975103548775,0.9795918367346939,0.12885906040268458,0.8685276719876833,0.9618877013571817,10,3245
random,900,10,False,10.0,25172,0.9137136500873987,0.6271398736000419,0.9510204081632653,0.1782708492731446,0.9129730167733571,0.9706968558430583,24,2148
random,900,12,False,12.0,25172,0.9272207214365168,0.6454756475261413,0.9183673469387755,0.20071364852809992,0.9273964832671583,0.9717346690722315,40,1792
random,900,20,False,20.0,25172,0.952804703638964,0.6843529352208388,0.7857142857142857,0.2622615803814714,0.9561218701888016,0.9751985252410664,105,1083
random,900,25,False,25.0,25172,0.9634117273160655,0.7029197600442135,0.6938775510204082,0.30603060306030605,0.9687626610485374,0.974819375931233,150,771
random,900,30,False,30.0,25172,0.9731844907039567,0.7292433399010281,0.6163265306122448,0.38276299112801015,0.9802690219593225,0.9751193549293957,188,487
random,900,None,False,60.7,25172,0.981249006832989,0.6957453250857462,0.3224489795918367,0.5302013422818792,0.9943278502552467,0.9662898600814607,332,140
capture-aware (file-proportion),900,6,True,6.0,16427,0.9005296158763012,0.47383087764253684,,,0.9005296158763012,,0,1634
capture-aware (file-proportion),900,10,True,10.0,16427,0.9270104096913618,0.48106144368978043,,,0.9270104096913618,,0,1199
capture-aware (file-proportion),900,12,True,12.0,16427,0.9374201010531442,0.48384968264940614,,,0.9374201010531442,,0,1028
capture-aware (file-proportion),900,20,True,20.0,16427,0.9607962500760943,0.4900031046258926,,,0.9607962500760943,,0,644
capture-aware (file-proportion),900,25,True,25.0,16427,0.9721799476471662,0.49294687779732693,,,0.9721799476471662,,0,457
capture-aware (file-proportion),900,30,True,30.0,16427,0.980276374261886,0.49501998155548727,,,0.980276374261886,,0,324
capture-aware (file-proportion),900,None,True,61.0,16427,0.9930602057588117,0.4982590103848503,,,0.9930602057588117,,0,114
capture-aware (size-matched),900,6,True,6.0,30720,0.81923828125,0.450319394492458,,,0.81923828125,,0,5553
capture-aware (size-matched),900,10,True,10.0,30720,0.8871419270833333,0.470098149138392,,,0.8871419270833333,,0,3467
capture-aware (size-matched),900,12,True,12.0,30720,0.9107421875,0.4766431564959624,,,0.9107421875,,0,2742
capture-aware (size-matched),900,20,True,20.0,30720,0.9389322916666667,0.4842522328923511,,,0.9389322916666667,,0,1876
capture-aware (size-matched),900,25,True,25.0,30720,0.9513671875,0.4875387849064158,,,0.9513671875,,0,1494
capture-aware (size-matched),900,30,True,30.0,30720,0.9609049479166667,0.49003137502282573,,,0.9609049479166667,,0,1201
capture-aware (size-matched),900,None,True,57.3,30720,0.9805338541666667,0.4950856316360409,,,0.9805338541666667,,0,598
random,12321,6,False,6.0,25172,0.8799062450341649,0.5869612064046448,0.9693877551020408,0.13637668676428366,0.8781298111984442,0.9584448056833947,15,3008
random,12321,10,False,10.0,25172,0.9118067694263468,0.6225329544629239,0.9346938775510204,0.17309145880574453,0.9113524025605705,0.9675680781995968,32,2188
random,12321,12,False,12.0,25172,0.9265453678690608,0.6423092582778213,0.9020408163265307,0.19705751226036558,0.9270318450692813,0.9689344378866529,48,1801
random,12321,20,False,20.0,25172,0.953082790402034,0.6807325951574648,0.7571428571428571,0.25889741800418703,0.9569726926505145,0.9722897707823102,119,1062
random,12321,25,False,25.0,25172,0.9629350071508025,0.6957393082453054,0.6632653061224489,0.29734675205855443,0.9688842071144964,0.9731699875477295,165,768
random,12321,30,False,30.0,25172,0.9700460829493087,0.705400632234916,0.5714285714285714,0.33980582524271846,0.9779596467061016,0.9747250330324172,210,544
random,12321,None,False,59.8,25172,0.9815668202764977,0.7067597016933902,0.3469387755102041,0.5414012738853503,0.9941657888339681,0.9685294910444529,320,144
capture-aware (file-proportion),12321,6,False,6.0,22390,0.921572130415364,0.6607595544845479,0.9634615384615385,0.22386058981233245,0.9205761316872428,0.9679307358165384,19,1737
capture-aware (file-proportion),12321,10,False,10.0,22390,0.9400178651183564,0.6916018289679582,0.9153846153846154,0.26816901408450705,0.9406035665294925,0.972976328655341,44,1299
capture-aware (file-proportion),12321,12,False,12.0,22390,0.9486824475212148,0.7053532040743548,0.8596153846153847,0.29349967170059094,0.9508001828989483,0.9735813020998205,73,1076
capture-aware (file-proportion),12321,20,False,20.0,22390,0.9631531933899062,0.7248424142151622,0.7,0.35237173281703776,0.9694101508916324,0.9743299127712708,156,669
capture-aware (file-proportion),12321,25,False,25.0,22390,0.9698079499776686,0.7353845435162916,0.6153846153846154,0.4020100502512563,0.9782350251486054,0.9686028015194682,200,476
capture-aware (file-proportion),12321,30,False,30.0,22390,0.9758820902188478,0.741956969522298,0.5115384615384615,0.48188405797101447,0.9869227251943301,0.9626883947099997,254,286
capture-aware (file-proportion),12321,None,False,62.3,22390,0.9797677534613667,0.6908295186181218,0.28076923076923077,0.6488888888888888,0.9963877457704619,0.950272897541416,374,79
capture-aware (size-matched),12321,6,True,6.0,34512,0.8518196569309225,0.45999061179784073,,,0.8518196569309225,,0,5114
capture-aware (size-matched),12321,10,True,10.0,34512,0.8894007881316643,0.4707316699127394,,,0.8894007881316643,,0,3817
capture-aware (size-matched),12321,12,True,12.0,34512,0.9190426518312471,0.47890683980069454,,,0.9190426518312471,,0,2794
capture-aware (size-matched),12321,20,True,20.0,34512,0.962650672229949,0.49048497822396103,,,0.962650672229949,,0,1289
capture-aware (size-matched),12321,25,True,25.0,34512,0.969083217431618,0.4921494474447077,,,0.969083217431618,,0,1067
capture-aware (size-matched),12321,30,True,30.0,34512,0.9742698191933241,0.4934836209933075,,,0.9742698191933241,,0,888
capture-aware (size-matched),12321,None,True,57.5,34512,0.987047983310153,0.49674088980270353,,,0.987047983310153,,0,447
random,5150,6,False,6.0,25172,0.8736691562053075,0.5804219116705782,0.9673469387755103,0.1302913688840022,0.8718094157685763,0.960844265588903,16,3164
random,5150,10,False,10.0,25172,0.9148657238201175,0.6261470409823298,0.926530612244898,0.1772745021475986,0.9146341463414634,0.9692144486025511,36,2107
random,5150,12,False,12.0,25172,0.9289686953758144,0.6461659681108352,0.8979591836734694,0.20202020202020202,0.9295843124544202,0.9700484034469472,50,1738
random,5150,20,False,20.0,25172,0.9526457969172096,0.6839097075343856,0.7857142857142857,0.26154891304347827,0.9559598087675228,0.9716480158224865,105,1087
random,5150,25,False,25.0,25172,0.9626171937072938,0.6953641939508316,0.6673469387755102,0.29592760180995475,0.9684790535612997,0.9733952198495475,163,778
random,5150,30,False,30.0,25172,0.9725488638169395,0.7172238218180829,0.573469387755102,0.36828309305373524,0.9804715987359209,0.9723622436576932,209,482
random,5150,None,False,60.5,25172,0.9810106467503575,0.6887676953289091,0.3081632653061224,0.5206896551724138,0.9943683656105664,0.9665510187544752,339,139
capture-aware (file-proportion),5150,6,False,6.0,23301,0.8568730955752972,0.6473790827118363,0.8883968113374667,0.23812915479582147,0.855267905466354,0.9379941937157071,126,3209
capture-aware (file-proportion),5150,10,False,10.0,23301,0.8994463756920303,0.6763229744478361,0.7139061116031886,0.28520877565463554,0.9088941006675085,0.9087535616143503,323,2020
capture-aware (file-proportion),5150,12,False,12.0,23301,0.921119265267585,0.6766010000265803,0.5323294951284322,0.3144950287807431,0.9409164712249685,0.9121319718436119,528,1310
capture-aware (file-proportion),5150,20,False,20.0,23301,0.9469550663061671,0.6983884917256756,0.4038972542072631,0.4474975466143278,0.9746076132058452,0.8634657905253827,673,563
capture-aware (file-proportion),5150,25,False,25.0,23301,0.954336723745762,0.6951697460522492,0.3330380868024801,0.5473071324599709,0.9859732996572254,0.7938760686840479,753,311
capture-aware (file-proportion),5150,30,False,30.0,23301,0.9562679713317025,0.6684417012610689,0.2533215234720992,0.6190476190476191,0.9920620602561789,0.7517649076461075,843,176
capture-aware (file-proportion),5150,None,False,57.9,23301,0.954765889875971,0.5950730968022333,0.1266607617360496,0.6777251184834123,0.9969330687353418,0.7075859089904566,986,68
capture-aware (size-matched),5150,6,True,6.0,35852,0.8937855628695749,0.47195711087545655,,,0.8937855628695749,,0,3808
capture-aware (size-matched),5150,10,True,10.0,35852,0.9441035367622448,0.4856241032998565,,,0.9441035367622448,,0,2004
capture-aware (size-matched),5150,12,True,12.0,35852,0.9573245565100971,0.48909852651979363,,,0.9573245565100971,,0,1530
capture-aware (size-matched),5150,20,True,20.0,35852,0.9867789802521477,0.496672750245683,,,0.9867789802521477,,0,474
capture-aware (size-matched),5150,25,True,25.0,35852,0.9919669753430771,0.4979836451215414,,,0.9919669753430771,,0,288
capture-aware (size-matched),5150,30,True,30.0,35852,0.9943099408680129,0.49857342657342657,,,0.9943099408680129,,0,204
capture-aware (size-matched),5150,None,True,57.6,35852,0.9970434006471047,0.4992597558591022,,,0.9970434006471047,,0,106
random,60606,6,False,6.0,25172,0.8771651040839028,0.5854367067075461,0.9836734693877551,0.1351654514862591,0.8750506441941496,0.9619922144370268,8,3084
random,60606,10,False,10.0,25172,0.9158191641506436,0.6289683711858582,0.9387755102040817,0.1804629266378972,0.9153634227372174,0.969278404984877,30,2089
random,60606,12,False,12.0,25172,0.9292467821388845,0.6464250258972368,0.8959183673469387,0.20239741816505302,0.9299084352969775,0.9705243761875546,51,1730
random,60606,20,False,20.0,25172,0.9526855235976481,0.6812117179027077,0.7673469387755102,0.2587749483826566,0.9563649623207195,0.9717399608737426,114,1077
random,60606,25,False,25.0,25172,0.9618623867789607,0.6945812807881774,0.6775510204081633,0.2927689594356261,0.9675066850336278,0.9721201437385585,158,802
random,60606,30,False,30.0,25172,0.9726283171778166,0.7253007890429666,0.610204081632653,0.3751568381430364,0.9798233530508063,0.972743749472887,191,498
random,60606,None,False,59.1,25172,0.9812092801525505,0.6868854446031945,0.3,0.5306859205776173,0.9947330038084434,0.9520302740657077,343,130
capture-aware (file-proportion),60606,6,False,6.0,36110,0.9019385211852672,0.5891753045134139,0.946524064171123,0.1313706086095992,0.9012349151874877,0.973961200098942,30,3511
capture-aware (file-proportion),60606,10,False,10.0,36110,0.9464414289670452,0.6557850021876219,0.8859180035650623,0.20997042670046473,0.9473965512391347,0.9795353143904355,64,1870
capture-aware (file-proportion),60606,12,False,12.0,36110,0.9570756023262255,0.6791315907370492,0.8484848484848485,0.2452344152498712,0.958789276772905,0.9786563839552838,85,1465
capture-aware (file-proportion),60606,20,False,20.0,36110,0.9795624480753254,0.7406535474781524,0.6363636363636364,0.4006734006734007,0.984978480407325,0.9727466630002153,204,534
capture-aware (file-proportion),60606,25,False,25.0,36110,0.9832179451675436,0.7461446165929501,0.5418894830659536,0.4655436447166922,0.9901825649104053,0.9720780320342152,257,349
capture-aware (file-proportion),60606,30,False,30.0,36110,0.9845195236776516,0.7291197493936072,0.43493761140819964,0.5020576131687243,0.993192494866241,0.9667527520573771,317,242
capture-aware (file-proportion),60606,None,False,58.9,36110,0.9858764885073387,0.6661200899469334,0.23351158645276293,0.6208530805687204,0.9977495850797491,0.9540194802293678,430,80
capture-aware (size-matched),60606,6,False,6.0,25271,0.7522456570772823,0.5545215044704539,0.9627989371124889,0.14878182315904737,0.7423991384309502,0.8989823020115923,42,6219
capture-aware (size-matched),60606,10,False,10.0,25271,0.8337224486565629,0.5952861880024376,0.7404782993799823,0.1761854583772392,0.83808300886422,0.8952204035776219,293,3909
capture-aware (size-matched),60606,12,False,12.0,25271,0.8642712991175656,0.599225105770376,0.5713020372010629,0.1796157059314954,0.8779719990058819,0.8915474019638309,484,2946
capture-aware (size-matched),60606,20,False,20.0,25271,0.911479561552768,0.6299674910619583,0.43932683790965454,0.2361904761904762,0.9335597713528291,0.8607426542352492,633,1604
capture-aware (size-matched),60606,25,False,25.0,25271,0.9336393494519409,0.6443129213802407,0.35518157661647476,0.29703703703703704,0.9606909121033883,0.7757452235478028,728,949
capture-aware (size-matched),60606,30,False,30.0,25271,0.9428594040599897,0.6451635199092896,0.30115146147032773,0.3417085427135678,0.9728688592494408,0.7666305294794403,789,655
capture-aware (size-matched),60606,None,False,56.0,25271,0.9507340429741601,0.6032531946878159,0.16651904340124005,0.3821138211382114,0.987407836964626,0.7360674504898277,941,304
random,24680,6,False,6.0,25172,0.8725568091530271,0.5800598168882654,0.9755102040816327,0.1301034295046271,0.8705129243983469,0.9623616069878239,12,3196
random,24680,10,False,10.0,25172,0.9143890036548546,0.6277038319368549,0.9469387755102041,0.17894330890860008,0.9137428085244308,0.9694073926467109,26,2129
random,24680,12,False,12.0,25172,0.927578261560464,0.64587295153069,0.9163265306122449,0.20125504258180188,0.9278016368203549,0.9703336646221571,41,1782
random,24680,20,False,20.0,25172,0.952327983473701,0.6836442493368934,0.789795918367347,0.26078167115902967,0.9555546552143263,0.9717887860111227,103,1097
random,24680,25,False,25.0,25172,0.9642459876052757,0.7077511201790119,0.7040816326530612,0.31363636363636366,0.969410906733652,0.9731798683333637,145,755
random,24680,30,False,30.0,25172,0.9719529636103608,0.719160437966955,0.5959183673469388,0.365,0.9794181994976096,0.9737125212292194,198,508
random,24680,None,False,60.8,25172,0.9814079135547433,0.7005671700213763,0.3326530612244898,0.5361842105263158,0.994287334899927,0.9602655161408215,327,141
capture-aware (file-proportion),24680,6,True,6.0,12702,0.8153834041883168,0.44915217485580466,,,0.8153834041883168,,0,2345
capture-aware (file-proportion),24680,10,True,10.0,12702,0.865139348134152,0.4638470305179182,,,0.865139348134152,,0,1713
capture-aware (file-proportion),24680,12,True,12.0,12702,0.8815147220910093,0.46851332691744424,,,0.8815147220910093,,0,1505
capture-aware (file-proportion),24680,20,True,20.0,12702,0.9239489844119037,0.48023569850233244,,,0.9239489844119037,,0,966
capture-aware (file-proportion),24680,25,True,25.0,12702,0.9387498031806015,0.4842036871599123,,,0.9387498031806015,,0,778
capture-aware (file-proportion),24680,30,True,30.0,12702,0.9552826326562746,0.4885649863101949,,,0.9552826326562746,,0,568
capture-aware (file-proportion),24680,None,True,60.0,12702,0.9847268146748543,0.496152320507735,,,0.9847268146748543,,0,194
capture-aware (size-matched),24680,6,True,6.0,29727,0.9204426951929222,0.4792867277408958,,,0.9204426951929222,,0,2365
capture-aware (size-matched),24680,10,True,10.0,29727,0.9509873179264642,0.48743900546579993,,,0.9509873179264642,,0,1457
capture-aware (size-matched),24680,12,True,12.0,29727,0.958455276348101,0.48939349696834367,,,0.958455276348101,,0,1235
capture-aware (size-matched),24680,20,True,20.0,29727,0.9753422814276583,0.49375862127688563,,,0.9753422814276583,,0,733
capture-aware (size-matched),24680,25,True,25.0,29727,0.983314831634541,0.49579361579429426,,,0.983314831634541,,0,496
capture-aware (size-matched),24680,30,True,30.0,29727,0.9879907155111515,0.49697954210873646,,,0.9879907155111515,,0,357
capture-aware (size-matched),24680,None,True,59.3,29727,0.995626871194537,0.4989043220281842,,,0.995626871194537,,0,130
